GROUP,PACKAGE,CLASS,INSTRUCTION_MISSED,INSTRUCTION_COVERED,BRANCH_MISSED,BRANCH_COVERED,LINE_MISSED,LINE_COVERED,COMPLEXITY_MISSED,COMPLEXITY_COVERED,METHOD_MISSED,METHOD_COVERED
MorganWalsh-20SoftwareJune1,com.qa.ims.controller,ItemController,84,43,0,2,22,12,3,5,3,4
MorganWalsh-20SoftwareJune1,com.qa.ims.controller,Action,12,104,0,2,6,11,1,5,1,4
MorganWalsh-20SoftwareJune1,com.qa.ims.controller,CustomerController,2,105,0,2,1,28,1,7,1,6
MorganWalsh-20SoftwareJune1,com.qa.ims.controller,OrderController,264,36,22,2,66,10,14,5,3,4
MorganWalsh-20SoftwareJune1,com.qa.ims,Ims,135,128,14,7,42,24,13,8,2,5
MorganWalsh-20SoftwareJune1,com.qa.ims,Runner,14,0,0,0,5,0,3,0,3,0
MorganWalsh-20SoftwareJune1,com.qa.ims.persistence.dao,ItemDaoMysql,33,296,0,2,11,61,0,12,0,11
MorganWalsh-20SoftwareJune1,com.qa.ims.persistence.dao,OrderDaoMysql,96,464,9,9,27,96,7,16,0,14
MorganWalsh-20SoftwareJune1,com.qa.ims.persistence.dao,CustomerDaoMysql,33,277,0,2,11,58,0,11,0,10
MorganWalsh-20SoftwareJune1,com.qa.ims.services,ItemServices,0,28,0,0,0,8,0,5,0,5
MorganWalsh-20SoftwareJune1,com.qa.ims.services,OrderServices,0,28,0,0,0,8,0,5,0,5
MorganWalsh-20SoftwareJune1,com.qa.ims.services,CustomerServices,0,28,0,0,0,8,0,5,0,5
MorganWalsh-20SoftwareJune1,com.qa.ims.utils,Utils,0,9,0,0,0,2,0,2,0,2
MorganWalsh-20SoftwareJune1,com.qa.ims.persistence.domain,Order,0,265,0,10,0,68,0,30,0,25
MorganWalsh-20SoftwareJune1,com.qa.ims.persistence.domain,Domain,33,72,2,0,9,9,3,3,2,3
MorganWalsh-20SoftwareJune1,com.qa.ims.persistence.domain,Item,0,86,0,2,0,27,0,13,0,12
MorganWalsh-20SoftwareJune1,com.qa.ims.persistence.domain,Customer,0,196,0,30,0,57,0,32,0,17
